trial.time;recording.time;x.0;y.0;x.1;y.1;x.3;y.3;x.2;y.2
1.067;0.0;3.31913;0.716801;-0.691474;0.635928;2.31107;9.97483;7.97125;2.99973
1.1;0.033;3.44864;0.704273;-0.679766;0.670552;2.32952;9.98958;8.11596;3.15166
1.133;0.067;3.55686;0.653366;-0.664258;0.707553;2.31836;9.99493;8.20749;3.33693
1.167;0.1;3.63563;0.571973;-0.655314;0.74576;2.28983;10.0265;8.25458;3.54829
1.2;0.133;3.67431;0.454467;-0.649001;0.774198;2.27515;10.0791;8.24254;3.75754
1.233;0.167;3.66441;0.32485;-0.645442;0.807449;2.29207;10.1166;8.17396;3.95903
1.267;0.2;3.61865;0.224633;-0.640488;0.847083;2.30511;10.1273;8.06492;4.13917
1.3;0.233;3.528;0.156489;-0.63894;0.889606;2.28717;10.1409;7.92226;4.29262
1.333;0.267;3.40902;0.135466;-0.648277;0.930424;2.25344;10.1943;7.75371;4.40797
1.367;0.3;3.29682;0.155388;-0.645435;0.977022;2.25605;10.2621;7.56458;4.47265
1.4;0.333;3.19342;0.216697;-0.651271;1.01739;2.28267;10.3007;7.37275;4.50249
1.433;0.367;3.11665;0.316901;-0.659925;1.05444;2.28199;10.3083;7.15689;4.46328
1.467;0.4;3.07193;0.433809;-0.671954;1.09303;2.25137;10.3264;6.96519;4.37915
1.5;0.433;3.08089;0.553897;-0.682981;1.13436;2.22885;10.3762;6.80052;4.26
1.533;0.467;3.13567;0.681202;-0.689029;1.17825;2.24816;10.4227;6.67732;4.0994
1.567;0.5;3.22698;0.782551;-0.707172;1.21709;2.26472;10.4356;6.60228;3.91196
1.6;0.533;3.34033;0.846846;-0.727642;1.25468;2.25198;10.4332;6.57024;3.71868
1.633;0.567;3.4709;0.870714;-0.742777;1.2933;2.22368;10.466;6.59979;3.51991
1.667;0.6;3.59854;0.854947;-0.762699;1.33559;2.21352;10.5207;6.68622;3.34143
1.7;0.633;3.70423;0.7995;-0.786633;1.38009;2.23675;10.5728;6.80832;3.19356
1.733;0.667;3.77177;0.717146;-0.810589;1.4205;2.25382;10.5863;6.97891;3.09907
1.767;0.7;3.80364;0.613234;-0.833016;1.4612;2.24277;10.5985;7.17688;3.05897
1.8;0.733;3.78592;0.507012;-0.859683;1.49859;2.20754;10.6312;7.3687;3.07935
1.833;0.767;3.73255;0.413221;-0.887059;1.53559;2.19346;10.6888;7.55403;3.15804
1.867;0.8;3.63183;0.34264;-0.923742;1.56892;2.205;10.7274;7.71427;3.3003
1.9;0.833;3.50964;0.317813;-0.957453;1.60729;2.21516;10.7424;7.81699;3.47009
1.933;0.867;3.37738;0.340617;-0.992584;1.64425;2.19446;10.7449;7.86762;3.66822
1.967;0.9;3.2622;0.405336;-1.03136;1.67589;2.15514;10.7839;7.87058;3.87801
2.0;0.933;3.17591;0.502592;-1.06934;1.70557;2.13922;10.8397;7.8295;4.08882
2.033;0.967;3.11858;0.629237;-1.10349;1.73168;2.154;10.8852;7.73467;4.28372
2.067;1.0;3.11761;0.773232;-1.13845;1.76262;2.17347;10.9021;7.6106;4.44874
2.1;1.033;3.15374;0.900764;-1.17702;1.78499;2.16022;10.8963;7.46151;4.57623
2.133;1.067;3.22302;1.01111;-1.21809;1.80814;2.12385;10.923;7.27598;4.66711
2.167;1.1;3.3143;1.09145;-1.26278;1.83214;2.09888;10.9837;7.05621;4.74562
2.2;1.133;3.41394;1.13447;-1.30676;1.85247;2.11064;11.0368;6.85217;4.78742
2.233;1.167;3.5139;1.13258;-1.34944;1.87831;2.11607;11.0684;6.63902;4.79815
2.267;1.2;3.60496;1.08461;-1.38944;1.89279;2.10163;11.0837;6.43817;4.77619
2.3;1.233;3.66283;1.00304;-1.42845;1.90836;2.07004;11.1175;6.2469;4.71579
2.333;1.267;3.68581;0.907457;-1.46395;1.9265;2.04971;11.1836;6.08806;4.62025
2.367;1.3;3.66286;0.800238;-1.5031;1.93873;2.06583;11.2347;5.94752;4.4778
2.4;1.333;3.60313;0.717859;-1.54101;1.94853;2.08247;11.2591;5.84116;4.30274
2.433;1.367;3.50748;0.658994;-1.57915;1.95075;2.0772;11.2681;5.78295;4.13525
2.467;1.4;3.39475;0.6468;-1.61753;1.95662;2.042;11.2995;5.76647;3.94761
2.5;1.433;3.2697;0.681084;-1.65813;1.95995;2.0137;11.3628;5.78938;3.76853
2.533;1.467;3.16272;0.749269;-1.6984;1.95731;2.02198;11.4178;5.86511;3.59217
2.567;1.5;3.08456;0.85311;-1.73222;1.9549;2.04531;11.4405;5.94589;3.46296
2.6;1.533;3.04529;0.975125;-1.76707;1.94544;2.0437;11.4355;6.01252;3.34813
2.633;1.567;3.04955;1.111;-1.79637;1.93373;2.01619;11.4505;6.08455;3.23192
2.667;1.6;3.08756;1.23782;-1.82504;1.92005;1.99788;11.5014;6.2042;3.11015
2.7;1.633;3.17343;1.34011;-1.84628;1.90231;2.00869;11.554;6.35015;3.00646
2.733;1.667;3.26964;1.41488;-1.86407;1.87955;2.03115;11.5737;6.51062;2.95495
2.767;1.7;3.38162;1.44238;-1.87426;1.85615;2.02289;11.5797;6.68603;2.9436
2.8;1.733;3.47616;1.42718;-1.88382;1.83212;1.99682;11.5988;6.86293;2.98505
2.833;1.767;3.56642;1.36405;-1.89023;1.80943;1.97812;11.6484;7.0405;3.07118
2.867;1.8;3.61678;1.27875;-1.89101;1.78849;1.99087;11.708;7.19269;3.20496
2.9;1.833;3.61615;1.18542;-1.88835;1.76856;2.01334;11.7384;7.31727;3.37241
2.933;1.867;3.57035;1.10013;-1.88153;1.74561;2.00913;11.7478;7.38484;3.57134
2.967;1.9;3.47177;1.02597;-1.87076;1.72253;1.97488;11.7704;7.40035;3.79094
3.0;1.933;3.3461;0.991415;-1.85412;1.7026;1.94185;11.8251;7.37331;3.99416
3.033;1.967;3.21066;1.00397;-1.83503;1.6833;1.94544;11.8869;7.29843;4.18896
3.067;2.0;3.07106;1.06446;-1.81591;1.66896;1.96312;11.9231;7.16221;4.37044
3.1;2.033;2.9562;1.17195;-1.79268;1.65562;1.97347;11.931;7.01142;4.5238
3.133;2.067;2.8852;1.30055;-1.76624;1.64611;1.95274;11.9389;6.83294;4.63286
3.167;2.1;2.8432;1.45709;-1.74194;1.63801;1.92028;11.9812;6.62943;4.72608
3.2;2.133;2.86344;1.61199;-1.70914;1.63273;1.9205;12.0402;6.41988;4.76092
3.233;2.167;2.91946;1.75592;-1.6841;1.63422;1.93635;12.0756;6.21803;4.76553
3.267;2.2;3.00821;1.85497;-1.65498;1.63296;1.94215;12.0834;6.02156;4.72528
3.3;2.233;3.10712;1.91165;-1.63015;1.63674;1.91093;12.0934;5.83695;4.647
3.333;2.267;3.21414;1.92241;-1.60794;1.64275;1.87921;12.1333;5.68151;4.52539
3.367;2.3;3.29996;1.88535;-1.59186;1.64957;1.8697;12.1957;5.57054;4.36836
3.4;2.333;3.35617;1.81995;-1.57216;1.65714;1.88569;12.242;5.50745;4.20181
3.433;2.367;3.36461;1.73352;-1.56021;1.66639;1.89403;12.2527;5.49665;4.02392
3.467;2.4;3.32468;1.63622;-1.55016;1.68225;1.87172;12.2565;5.54365;3.84064
3.5;2.433;3.23;1.55365;-1.54741;1.69576;1.83686;12.2916;5.64585;3.69333
3.533;2.467;3.10705;1.50695;-1.54282;1.71383;1.82405;12.344;5.79122;3.58006
3.567;2.5;2.95864;1.50909;-1.54137;1.73612;1.84128;12.3876;5.96776;3.52223
3.6;2.533;2.82195;1.56069;-1.53607;1.76324;1.85584;12.4006;6.15811;3.52308
3.633;2.567;2.69454;1.6543;-1.5364;1.79372;1.8439;12.4002;6.3495;3.59547
3.667;2.6;2.59607;1.79234;-1.53963;1.82786;1.81433;12.4273;6.52027;3.72068
3.7;2.633;2.53573;1.95267;-1.42681;1.97024;1.7997;12.4793;6.66146;3.88056
3.733;2.667;2.53271;2.10428;-1.37856;2.0354;1.82144;12.5189;6.75884;4.07489
3.767;2.7;2.58045;2.25455;-1.31866;2.10618;1.84594;12.5344;6.81466;4.29339
3.8;2.733;2.66139;2.37429;-1.282;2.16715;1.83253;12.5456;6.81255;4.51002
3.833;2.767;2.76776;2.45132;-1.23748;2.21751;1.80104;12.5691;6.79213;4.7252
3.867;2.8;2.87755;2.48056;-1.20079;2.26332;1.78992;12.625;6.72513;4.94283
3.9;2.833;2.97179;2.46824;-1.14602;2.30522;1.8039;12.6853;6.60464;5.14051
3.933;2.867;3.03119;2.42338;-1.11502;2.332;1.81424;12.7064;6.45829;5.30498
3.967;2.9;3.05533;2.36409;-1.07994;2.35689;1.80848;12.7188;6.29582;5.43639
4.0;2.933;3.02457;2.29757;-1.06868;2.35561;1.77891;12.7415;6.11422;5.53159
4.033;2.967;2.95772;2.24106;-1.03687;2.36263;1.75727;12.7871;5.91785;5.5751
4.067;3.0;2.85297;2.21368;-1.0041;2.37055;1.77208;12.8296;5.71658;5.56366
4.1;3.033;2.7307;2.23491;-0.987564;2.37409;1.7984;12.8473;5.5304;5.50939
4.133;3.067;2.58818;2.31395;-0.973059;2.38599;1.79186;12.8508;5.36351;5.42116
4.167;3.1;2.45974;2.43218;-0.934473;2.38888;1.75801;12.8699;5.21288;5.29223
4.2;3.133;2.37267;2.59013;-0.870906;2.41378;1.7361;12.9195;5.11446;5.12603
4.233;3.167;2.32872;2.76519;-0.889641;2.39001;1.7403;12.9776;5.06792;4.94509
4.267;3.2;2.33015;2.95353;-0.826964;2.40214;1.7667;13.0151;5.07345;4.76204
4.3;3.233;2.37736;3.12508;-0.797549;2.4062;1.77011;13.0193;5.13128;4.60487
4.333;3.267;2.4649;3.25712;-0.772133;2.39792;1.74314;13.036;5.2518;4.47047
4.367;3.3;2.57992;3.339;-0.759979;2.3922;1.71063;13.0748;5.41747;4.38906
4.4;3.333;2.69677;3.36807;-0.736047;2.38341;1.70812;13.12;5.60256;4.35858
4.433;3.367;2.80893;3.34994;-0.722164;2.37462;1.73316;13.1399;5.80256;4.39139
4.467;3.4;2.8996;3.28824;-0.743218;2.37414;1.74232;13.135;5.99568;4.46997
4.5;3.433;2.94521;3.20445;-0.713738;2.36449;1.71629;13.1316;6.14115;4.60948
4.533;3.467;2.94279;3.11296;-0.747564;2.37503;1.68358;13.1641;6.23245;4.79658
4.567;3.5;2.89705;3.04015;-0.756517;2.37437;1.68423;13.2171;6.28052;5.00836
4.6;3.533;2.80414;2.99895;-0.737798;2.38053;1.70202;13.2466;6.279;5.22858
4.633;3.567;2.68848;3.00754;-0.732934;2.38891;1.71427;13.2453;6.20631;5.43029
4.667;3.6;2.56897;3.06759;-0.732171;2.39679;1.69596;13.2437;6.09081;5.6109
4.7;3.633;2.46639;3.17714;-0.720404;2.40823;1.65843;13.2703;5.93356;5.75403
4.733;3.667;2.39487;3.32801;-0.854419;2.32518;1.65131;13.3287;5.74658;5.8597
4.767;3.7;2.37426;3.48434;-0.877023;2.30485;1.67299;13.3624;5.54831;5.91263
4.8;3.733;2.39629;3.6437;-0.893422;2.29469;1.69583;13.3622;5.33834;5.92246
4.833;3.767;2.47162;3.78227;-0.889921;2.28853;1.68855;13.3516;5.14365;5.86831
4.867;3.8;2.57069;3.89456;-0.884551;2.29708;1.6561;13.3725;4.96256;5.77849
4.9;3.833;2.68606;3.9637;-0.868718;2.31253;1.63997;13.4322;4.81631;5.64755
4.933;3.867;2.79867;3.98917;-0.849409;2.33167;1.65107;13.4842;4.71627;5.48191
4.967;3.9;2.90641;3.96591;-0.819913;2.35497;1.67125;13.4912;4.65984;5.29926
5.0;3.933;2.98979;3.89537;-0.792048;2.37965;1.66529;13.4744;4.66696;5.10037
5.033;3.967;3.03047;3.80851;-0.756394;2.41201;1.63105;13.4837;4.72732;4.91682
5.067;4.0;3.02918;3.72017;-0.731775;2.44882;1.60697;13.5288;4.85087;4.76467
5.1;4.033;2.98269;3.64329;-0.697724;2.49062;1.61707;13.5824;5.0153;4.66665
5.133;4.067;2.89344;3.59931;-0.673555;2.53222;1.63716;13.6074;5.19773;4.62899
5.167;4.1;2.7785;3.58887;-0.648431;2.56788;1.63421;13.6051;5.39768;4.65652
5.2;4.133;2.65598;3.61291;-0.626155;2.60309;1.60724;13.6099;5.589;4.73566
5.233;4.167;2.54831;3.69293;-0.598028;2.63904;1.58872;13.6443;5.75132;4.87218
5.267;4.2;2.46656;3.8223;-0.574653;2.68084;1.60124;13.6977;5.88418;5.05799
5.3;4.233;2.42051;3.97721;-0.555129;2.72272;1.63082;13.7227;5.96682;5.2669
5.333;4.267;2.4121;4.14088;-0.542058;2.76758;1.64449;13.7215;5.98426;5.49203
5.367;4.3;2.44245;4.29326;-0.526626;2.80362;1.62387;13.7239;5.95707;5.70977
5.4;4.333;2.5184;4.43017;-0.409526;2.94443;1.5882;13.7546;5.86964;5.9173
5.433;4.367;2.62455;4.53721;-0.372411;3.01428;1.58443;13.8085;5.73204;6.09662
5.467;4.4;2.74305;4.61382;-0.338882;3.08086;1.61004;13.8453;5.55862;6.23437
5.5;4.433;2.86627;4.63559;-0.323462;3.13528;1.62165;13.8477;5.35646;6.3229
5.533;4.467;2.97344;4.61914;-0.324953;3.17832;1.59929;13.8476;5.14086;6.35953
5.567;4.5;3.04827;4.56849;-0.321367;3.23222;1.56155;13.8802;4.91796;6.34925
5.6;4.533;3.08167;4.4938;-0.332324;3.26935;1.53709;13.941;4.71206;6.27901
5.633;4.567;3.06851;4.4019;-0.331485;3.31114;1.5511;13.9865;4.53256;6.16662
5.667;4.6;3.01614;4.32157;-0.339755;3.34952;1.57719;13.9967;4.40589;6.01337
5.7;4.633;2.92996;4.27685;-0.35146;3.38361;1.56794;13.9958;4.3323;5.82804
5.733;4.667;2.81782;4.26901;-0.361248;3.41635;1.53641;14.0217;4.31648;5.63246
5.767;4.7;2.69121;4.30506;-0.380033;3.44245;1.51635;14.0695;4.36816;5.44204
5.8;4.733;2.57278;4.38483;-0.501604;3.41247;1.52732;14.1059;4.4752;5.27823
5.833;4.767;2.48229;4.49112;-0.554347;3.42499;1.5298;14.1075;4.62392;5.15441
5.867;4.8;2.42982;4.63491;-0.601184;3.44122;1.52394;14.0932;4.81679;5.08924
5.9;4.833;2.42152;4.7988;-0.639387;3.46614;1.48976;14.0984;5.02965;5.10214
5.933;4.867;2.45589;4.96031;-0.674781;3.49533;1.46352;14.1398;5.22134;5.18013
5.967;4.9;2.53121;5.10781;-0.701404;3.53414;1.4662;14.1912;5.38561;5.32019
6.0;4.933;2.63484;5.22821;-0.730235;3.5803;1.4874;14.2158;5.50359;5.51104
6.033;4.967;2.75735;5.31867;-0.748068;3.63128;1.48656;14.2199;5.56816;5.73159
6.067;5.0;2.89099;5.35557;-0.756883;3.6854;1.46399;14.2323;5.57113;5.96876
6.1;5.033;3.01888;5.35223;-0.762046;3.73232;1.43001;14.2623;5.51458;6.20089
6.133;5.067;3.12432;5.30111;-0.716714;3.81009;1.424;14.313;5.39351;6.40131
6.167;5.1;3.18775;5.2283;-0.636122;3.88637;1.44344;14.3473;5.22452;6.56564
6.2;5.133;3.21176;5.13762;-0.628385;3.94133;1.4568;14.3496;5.01751;6.6826
6.233;5.167;3.18697;5.05193;-0.607362;3.99563;1.43793;14.35;4.80174;6.74683
6.267;5.2;3.11748;4.9854;-0.57627;4.03623;1.40254;14.3752;4.57752;6.75682
6.3;5.233;3.01241;4.95043;-0.563217;4.07547;1.38324;14.4221;4.35634;6.69927
6.333;5.267;2.88439;4.94982;-0.571624;4.10212;1.39212;14.4623;4.16301;6.59286
6.367;5.3;2.75083;5.00277;-0.581484;4.13862;1.4052;14.4657;4.01033;6.43849
6.4;5.333;2.63613;5.10956;-0.588888;4.17032;1.39506;14.4587;3.91652;6.25444
6.433;5.367;2.56375;5.23973;-0.605;4.1996;1.36202;14.4591;3.8924;6.05179
6.467;5.4;2.52953;5.39346;-0.621901;4.22473;1.34549;14.4884;3.93525;5.85444
6.5;5.433;2.53692;5.56613;-0.645008;4.25188;1.35104;14.5269;4.04921;5.68649
6.533;5.467;2.58156;5.74373;-0.661246;4.27871;1.36568;14.5454;4.20932;5.58081
6.567;5.5;2.66997;5.89453;-0.674727;4.31468;1.36021;14.5388;4.40036;5.54538
6.6;5.533;2.79561;6.00994;-0.703178;4.34361;1.33588;14.529;4.60238;5.58075
6.633;5.567;2.93269;6.0813;-0.723803;4.36978;1.30904;14.5542;4.79262;5.68479
6.667;5.6;3.06467;6.10186;-0.748932;4.39771;1.30818;14.5956;4.94093;5.84715
6.7;5.633;3.17754;6.07901;-0.759734;4.43121;1.33103;14.6121;5.04067;6.04616
6.733;5.667;3.26521;6.02164;-0.774873;4.46102;1.3325;14.5966;5.07842;6.27627
6.767;5.7;3.31204;5.94204;-0.789556;4.49665;1.30363;14.5832;5.04301;6.52198
6.8;5.733;3.3099;5.84666;-0.803884;4.53363;1.26022;14.6045;4.94745;6.72875
6.833;5.767;3.26398;5.76453;-0.828929;4.56894;1.24936;14.6498;4.79825;6.90815
6.867;5.8;3.17275;5.71142;-0.835706;4.60404;1.26961;14.6776;4.61026;7.04854
6.9;5.833;3.05194;5.70234;-0.859492;4.64382;1.27818;14.6768;4.4088;7.13873
6.933;5.867;2.91581;5.73867;-0.869216;4.68762;1.2546;14.6674;4.19234;7.16622
6.967;5.9;2.79383;5.82065;-0.88939;4.7236;1.21905;14.6856;3.95149;7.12956
7.0;5.933;2.7014;5.94746;-0.906029;4.75912;1.20905;14.7253;3.75183;7.03858
7.033;5.967;2.64325;6.10482;-0.90684;4.80092;1.22917;14.7547;3.5924;6.90096
7.067;6.0;2.61273;6.27027;-0.928272;4.83101;1.24693;14.7518;3.4857;6.71901
7.1;6.033;2.63245;6.4468;-0.944156;4.86535;1.23905;14.7321;3.45385;6.52158
7.133;6.067;2.70366;6.60483;-0.957238;4.90514;1.21317;14.7461;3.48464;6.3189
7.167;6.1;2.807;6.7252;-0.968307;4.93848;1.19203;14.7813;3.58705;6.13705
7.2;6.133;2.93874;6.80208;-0.983663;4.96862;1.20709;14.8129;3.74368;5.99847
7.233;6.167;3.06803;6.83975;-0.991248;5.00043;1.22266;14.8128;3.93653;5.92101
7.267;6.2;3.19055;6.8302;-1.01388;5.04582;1.21249;14.801;4.14022;5.90999
7.3;6.233;3.27835;6.78365;-1.02841;5.08188;1.18349;14.8081;4.34837;5.97849
7.333;6.267;3.32729;6.72846;-1.03871;5.12788;1.14842;14.8512;4.52057;6.12476
7.367;6.3;3.33077;6.64521;-1.05098;5.17258;1.14999;14.9041;4.64268;6.30732
7.4;6.333;3.28365;6.56755;-1.06379;5.21424;1.16871;14.9225;4.71648;6.52477
7.433;6.367;3.19969;6.51713;-1.07897;5.2558;1.17176;14.9084;4.7211;6.76387
7.467;6.4;3.08571;6.50218;-1.06442;5.29605;1.14767;14.9111;4.66359;6.9969
7.5;6.433;2.95398;6.53769;-1.0603;5.33035;1.11715;14.9358;4.54372;7.19915
7.533;6.467;2.83235;6.63103;-1.08054;5.38416;1.11849;14.9769;4.37401;7.36032
7.567;6.5;2.74389;6.7621;-1.0821;5.4239;1.14953;14.9969;4.17802;7.46876
7.6;6.533;2.69926;6.92691;-1.0873;5.46361;1.16329;14.9896;3.95871;7.52175
7.633;6.567;2.7061;7.10383;-1.10457;5.50966;1.1402;14.9788;3.74818;7.49576
7.667;6.6;2.72055;7.27308;-1.11412;5.54871;1.10431;15.0068;3.578;7.4054
7.7;6.633;2.77194;7.4221;-1.1087;5.58701;1.10254;15.0521;3.457;7.25814
7.733;6.667;2.86211;7.52449;-1.09054;5.60675;1.11996;15.0782;3.38294;7.0669
7.767;6.7;2.90082;7.52039;-1.11055;5.65598;1.13002;15.0731;3.38796;6.85935
7.8;6.733;2.97461;7.48914;-1.09207;5.69086;1.10375;15.0609;3.4566;6.6688
7.833;6.767;3.15492;7.54251;-1.0829;5.73207;1.06392;15.0765;3.58204;6.51001
7.867;6.8;3.23904;7.45051;-1.07596;5.77242;1.0428;15.1215;3.75415;6.41024
7.9;6.833;3.30042;7.39965;-1.05896;5.80123;1.0588;15.1498;3.96572;6.37862
7.933;6.867;3.3193;7.31437;-1.05391;5.83005;1.07737;15.1492;4.18016;6.40925
7.967;6.9;3.27799;7.24996;-1.03263;5.87072;1.06538;15.1298;4.3771;6.50549
8.0;6.933;3.19661;7.2136;-1.02567;5.91203;1.02158;15.1446;4.52705;6.66888
8.033;6.967;3.08281;7.2205;-1.01692;5.94576;0.997013;15.1904;4.63429;6.87707
8.067;7.0;2.96741;7.27291;-1.01612;5.98869;1.00219;15.2278;4.6769;7.1014
8.1;7.033;2.85787;7.37951;-1.00908;6.02604;1.02886;15.2392;4.65354;7.33827
8.133;7.067;2.77596;7.52759;-1.00573;6.05502;1.02704;15.2246;4.5618;7.55245
8.167;7.1;2.73192;7.69449;-1.00784;6.09754;0.993555;15.2244;4.41822;7.72672
8.2;7.133;2.73745;7.86999;-1.02737;6.1411;0.964095;15.258;4.23805;7.86157
8.233;7.167;2.79884;8.04233;-1.03513;6.19319;0.974259;15.3041;4.02678;7.94286
8.267;7.2;2.88395;8.20197;-1.02228;6.22642;1.00176;15.3217;3.82402;7.95094
8.3;7.233;2.98422;8.32569;-1.0201;6.2621;1.01688;15.3077;3.63787;7.8773
8.333;7.267;3.1159;8.40254;-0.994949;6.27678;0.998505;15.2898;3.47228;7.75254
8.367;7.3;3.23861;8.43811;-1.03872;6.36308;0.968879;15.3152;3.33896;7.57983
8.4;7.333;3.34539;8.42628;-1.03429;6.39776;0.962632;15.3625;3.14942;7.5372
8.433;7.367;3.42401;8.38304;-1.02857;6.43946;0.980746;15.3888;3.10609;7.40555
8.467;7.4;3.45778;8.30428;-1.01943;6.47237;0.98568;15.383;3.10377;7.26785
8.5;7.433;3.45318;8.217;-1.01368;6.51429;0.965976;15.3688;3.18687;7.13169
8.533;7.467;3.4;8.13867;-0.994965;6.54165;0.938204;15.3853;3.48808;6.89564
8.567;7.5;3.30514;8.09463;-0.977515;6.56834;0.922936;15.426;3.72042;6.82154
8.6;7.533;3.17684;8.10657;-0.966018;6.60242;0.933181;15.4599;3.96062;6.8245
8.633;7.567;3.04507;8.17805;-0.946348;6.62392;0.943567;15.4668;4.16956;6.90396
8.667;7.6;2.91944;8.30135;-0.929665;6.64895;0.929954;15.4606;4.32352;7.05302
8.7;7.633;2.84386;8.43991;-0.919771;6.68145;0.897957;15.4664;4.41859;7.24468
8.733;7.667;2.81126;8.60447;-0.906312;6.70627;0.888827;15.5003;4.45919;7.45636
8.767;7.7;2.82768;8.76525;-0.89229;6.7331;0.905735;15.5296;4.41651;7.67426
8.8;7.733;2.85931;8.93927;-0.878895;6.75668;0.936066;15.5263;4.31104;7.88015
8.833;7.767;2.85897;9.09024;-0.870852;6.78529;0.939679;15.5006;4.15362;8.05779
8.867;7.8;2.89841;9.19884;-0.867619;6.82362;0.913799;15.4969;3.96168;8.19409
8.9;7.833;2.93465;9.26657;-0.867258;6.86586;0.882066;15.5218;3.74854;8.28194
8.933;7.867;2.97887;9.30564;-0.85982;6.89428;0.881092;15.5649;3.51893;8.31423
8.967;7.9;3.01851;9.32515;-0.853679;6.92953;0.907599;15.576;3.30744;8.27939
9.0;7.933;3.05719;9.31464;-0.845298;6.96647;0.920545;15.5626;3.10104;8.20299
9.033;7.967;3.09123;9.28728;-0.840144;6.99942;0.896775;15.5536;2.94107;8.07761
9.067;8.0;3.12099;9.25586;-0.841525;7.04102;0.865795;15.5771;2.82312;7.90421
9.1;8.033;3.16145;9.22598;-0.838113;7.06954;0.859354;15.6122;2.75975;7.69888
9.133;8.067;3.17374;9.2192;-0.84242;7.1031;0.880109;15.6375;2.76308;7.50282
9.167;8.1;3.17719;9.19775;-0.794875;7.12018;0.891739;15.6266;2.82361;7.32024
9.2;8.133;3.17819;9.18727;-0.775794;7.15056;0.877524;15.6113;2.93813;7.16019
9.233;8.167;3.17866;9.18723;-0.750806;7.17292;0.84629;15.6276;3.09435;7.04937
9.267;8.2;3.22264;9.20817;-0.743895;7.2131;0.837991;15.6603;3.27879;6.99478
9.3;8.233;3.27041;9.26627;-0.74756;7.26228;0.860928;15.6827;3.498;7.02806
9.333;8.267;3.32357;9.35999;-0.749018;7.30235;0.880725;15.6786;3.69026;7.12592
9.367;8.3;3.40038;9.46727;-0.732326;7.33929;0.871871;15.6599;3.8355;7.28633
9.4;8.333;3.4979;9.56846;-0.73272;7.39319;0.842956;15.6667;3.93692;7.48643
9.433;8.367;3.61281;9.64403;-0.731715;7.44705;0.828295;15.6958;3.97526;7.71471
9.467;8.4;3.72218;9.69257;-0.726094;7.49195;0.84274;15.7252;3.94351;7.94677
9.5;8.433;3.8289;9.7028;-0.714304;7.53373;0.868636;15.7219;3.85115;8.17007
9.533;8.467;3.91906;9.68725;-0.699715;7.56864;0.870979;15.7038;3.70962;8.36184
9.567;8.5;3.97199;9.63847;-0.646851;7.54408;0.838435;15.6972;3.52677;8.49539
9.6;8.533;3.99376;9.56459;-0.641885;7.59156;0.81348;15.7145;3.33592;8.58301
9.633;8.567;3.97214;9.48609;-0.613276;7.61392;0.815081;15.7427;3.12303;8.62085
9.667;8.6;3.90243;9.42783;-0.583916;7.63187;0.838305;15.7556;2.89284;8.55735
9.7;8.633;3.79604;9.39657;-0.561001;7.66142;0.844233;15.7345;2.70165;8.44096
9.733;8.667;3.66999;9.40672;-0.551585;7.70944;0.818506;15.7247;2.56212;8.29021
9.767;8.7;3.54566;9.46194;-0.533356;7.73496;0.791994;15.7416;2.47916;8.09144
9.8;8.733;3.43446;9.56014;-0.527451;7.80082;0.788244;15.7714;2.45735;7.88905
9.833;8.767;3.35343;9.68342;-0.504744;7.79849;0.810765;15.7795;2.50807;7.68518
9.867;8.8;3.31147;9.83061;-0.492681;7.84486;0.8335;15.7586;2.62811;7.52101
9.9;8.833;3.3059;10.0012;-0.475154;7.88196;0.820524;15.7323;2.79725;7.4116
9.933;8.867;3.34908;10.1731;-0.457906;7.91285;0.798887;15.7327;2.99466;7.37804
9.967;8.9;3.42248;10.3202;-0.43804;7.9374;0.785675;15.7612;3.2022;7.41568
10.0;8.933;3.52982;10.4444;-0.423254;7.97271;0.804301;15.7874;3.38565;7.52415
10.033;8.967;3.65463;10.5502;-0.406638;8.01184;0.843536;15.8068;3.52575;7.70248
10.067;9.0;3.81706;10.6265;-0.390558;8.04007;0.902717;15.813;3.62229;7.9121
10.1;9.033;4.00386;10.6922;-0.381993;8.0571;0.967043;15.8247;3.66915;8.1512
10.133;9.067;4.18078;10.7288;-0.403224;8.05719;1.02265;15.8439;3.66829;8.3864
10.167;9.1;4.35105;10.7457;-0.440688;8.02762;1.10242;15.8832;3.60632;8.61003
10.2;9.133;4.51519;10.7261;-0.456819;7.95175;1.22825;15.9085;3.50235;8.76833
10.233;9.167;4.67524;10.6655;-0.481815;7.87898;1.38792;15.88;3.38755;8.86809
10.267;9.2;4.79513;10.5849;-0.520233;7.80438;1.5249;15.8213;3.25948;8.91025
10.3;9.233;4.87164;10.5026;-0.552047;7.74791;1.64354;15.7717;3.07563;8.90517
10.333;9.267;4.89795;10.4281;-0.588067;7.70064;1.76434;15.7472;2.88605;8.82979
10.367;9.3;4.87329;10.3745;-0.627611;7.65634;1.91238;15.7399;2.70341;8.72811
10.4;9.333;4.82153;10.3533;-0.665226;7.61876;2.09228;15.7178;2.57783;8.50751
10.433;9.367;4.75692;10.3654;-0.693229;7.58151;2.28032;15.6422;2.51118;8.277
10.467;9.4;4.6927;10.4266;-0.714875;7.55992;2.41399;15.5574;2.49589;8.02782
10.5;9.433;4.64033;10.5487;-0.725147;7.5338;2.50223;15.4944;2.54033;7.7922
10.533;9.467;4.61444;10.7094;-0.74145;7.52199;2.58155;15.4786;2.65542;7.57146
10.567;9.5;4.62645;10.8949;-0.759814;7.50811;2.69371;15.4754;2.80547;7.40324
10.6;9.533;4.69363;11.0949;-0.814796;7.50852;2.82816;15.4507;2.98236;7.28056
10.633;9.567;4.81321;11.2956;-0.844601;7.49966;2.94688;15.3828;3.18443;7.23477
10.667;9.6;4.96275;11.4698;-0.908635;7.49571;3.02528;15.3283;3.4032;7.26083
10.7;9.633;5.14113;11.6123;-0.953844;7.48611;3.0832;15.3075;3.60424;7.33601
10.733;9.667;5.32611;11.7153;-1.20138;7.43525;3.16252;15.3179;3.76932;7.46502
10.767;9.7;5.51133;11.7922;-1.31003;7.41617;3.26809;15.3184;3.88335;7.64467
10.8;9.733;5.67782;11.8254;-1.41461;7.39341;3.36907;15.291;3.92682;7.84707
10.833;9.767;5.83305;11.8292;-1.50251;7.374;3.43371;15.2544;3.90754;8.05294
10.867;9.8;5.95755;11.8005;-1.57436;7.3588;3.46845;15.2473;3.823;8.24005
10.9;9.833;6.04305;11.7529;-1.63822;7.34852;3.5173;15.2684;3.68434;8.37843
10.933;9.867;6.09387;11.6934;-1.6895;7.33474;3.59115;15.2907;3.50966;8.45506
10.967;9.9;6.10225;11.6406;-1.73328;7.32451;3.67997;15.2866;3.31799;8.46026
11.0;9.933;6.06556;11.6084;-1.77364;7.31472;3.73591;15.2495;3.12559;8.39639
11.033;9.967;5.99821;11.6194;-1.81496;7.30841;3.75303;15.2286;2.92126;8.25636
11.067;10.0;5.92116;11.6814;-1.84637;7.29857;3.76869;15.2527;2.77852;8.07828
11.1;10.033;5.85836;11.7949;-1.87687;7.29054;3.81857;15.2829;2.68915;7.85719
11.133;10.067;5.82376;11.9602;-1.90678;7.28525;3.90216;15.2961;2.66955;7.62234
11.167;10.1;5.83033;12.166;-1.9353;7.28344;3.96834;15.2714;2.7089;7.40388
11.2;10.133;5.87598;12.3756;-1.96482;7.28036;3.99729;15.2462;2.81304;7.19188
11.233;10.167;5.96234;12.5702;-2.00447;7.2742;4.00316;15.2458;2.95275;7.00182
11.267;10.2;6.08883;12.7464;-2.04168;7.26321;4.0368;15.2676;3.12703;6.85619
11.3;10.233;6.24518;12.8857;-2.07709;7.25793;4.10697;15.2832;3.32832;6.75406
11.333;10.267;6.40973;12.9958;-2.11042;7.25692;4.18314;15.2663;3.54078;6.70722
11.367;10.3;6.56991;13.0518;-2.14673;7.25486;4.21144;15.2262;3.76197;6.73387
11.4;10.333;6.72096;13.0705;-2.18455;7.25522;4.21633;15.2167;3.96229;6.82856
11.433;10.367;6.85805;13.047;-2.22483;7.25605;4.2319;15.2411;4.11414;6.97244
11.467;10.4;6.95243;13.0032;-2.2634;7.26126;4.27828;15.2712;4.20731;7.15549
11.5;10.433;7.00879;12.9457;-2.30322;7.26469;4.3537;15.2627;4.22973;7.35614
11.533;10.467;7.03391;12.8862;-2.33938;7.26686;4.40736;15.2249;4.18695;7.5653
11.567;10.5;7.01491;12.8423;-2.37816;7.27546;4.41981;15.1914;4.06658;7.73724
11.6;10.533;6.96372;12.831;-2.41506;7.28132;4.4277;15.2058;3.90037;7.86419
11.633;10.567;6.88976;12.8675;-2.45846;7.29064;4.46533;15.2301;3.68481;7.92438
11.667;10.6;6.80707;12.9668;-2.49364;7.29623;4.5352;15.2462;3.45452;7.91073
11.7;10.633;6.75212;13.114;-2.53422;7.30178;4.60529;15.2187;3.24613;7.81997
11.733;10.667;6.73327;13.2949;-2.57259;7.31;4.62736;15.1879;3.03685;7.66879
11.767;10.7;6.75415;13.5008;-2.61512;7.32365;4.62695;15.1974;2.87087;7.48593
11.8;10.733;6.82076;13.6999;-2.65693;7.33459;4.64395;15.2355;2.75596;7.25093
11.833;10.767;6.92801;13.878;-2.69879;7.34213;4.70039;15.2665;2.68941;7.01099
11.867;10.8;7.0611;14.0136;-2.74001;7.34702;4.77131;15.2527;2.65337;6.75226
11.9;10.833;7.20874;14.1025;-2.78041;7.35705;4.81056;15.2152;2.6663;6.49343
11.933;10.867;7.36316;14.1472;-2.81948;7.36035;4.81782;15.2031;2.70868;6.23658
11.967;10.9;7.50691;14.1466;-2.85588;7.36475;4.83664;15.218;2.78903;5.99997
12.0;10.933;7.62899;14.1057;-2.90046;7.37112;4.8843;15.2522;2.8939;5.78137
12.033;10.967;7.7131;14.0337;-2.94447;7.37286;4.95752;15.2504;3.02097;5.58397
12.067;11.0;7.75788;13.948;-2.98588;7.37456;5.01138;15.2115;3.16911;5.41742
12.1;11.033;7.75578;13.8704;-3.03231;7.37537;5.0199;15.1803;3.32404;5.25765
12.133;11.067;7.71725;13.8228;-3.07388;7.37747;5.01934;15.1915;3.49524;5.13835
12.167;11.1;7.65149;13.8198;-3.11061;7.37616;5.05312;15.2273;3.67812;5.05648
12.2;11.133;7.57124;13.8642;-3.1482;7.37819;5.12028;15.2484;3.86255;5.02275
12.233;11.167;7.50016;13.9674;-3.19243;7.38042;5.17576;15.2294;4.0461;5.03717
12.267;11.2;7.45108;14.0989;-3.23282;7.37794;5.19636;15.1885;4.21403;5.1036
12.3;11.233;7.44595;14.2697;-3.26711;7.37269;5.19263;15.1827;4.34385;5.22727
12.333;11.267;7.4962;14.4448;-3.29705;7.36312;5.20777;15.2194;4.4216;5.38771
12.367;11.3;7.58205;14.5996;-3.33125;7.35045;5.2539;15.2482;4.43243;5.56402
12.4;11.333;7.6984;14.7194;-3.37954;7.34692;5.30873;15.2438;4.3655;5.73465
12.433;11.367;7.83207;14.7964;-3.4196;7.34062;5.33577;15.211;4.23325;5.8859
12.467;11.4;7.97252;14.8227;-3.46032;7.33585;5.32603;15.2015;4.04332;5.96182
12.5;11.433;8.10327;14.8046;-3.49613;7.3295;5.32716;15.2319;3.82616;5.97055
12.533;11.467;8.20857;14.7519;-3.53694;7.32168;5.35906;15.2751;3.6;5.91018
12.567;11.5;8.27847;14.6644;-3.5777;7.31628;5.40907;15.2855;3.38778;5.78763
12.6;11.533;8.30017;14.5727;-3.62372;7.308;5.44451;15.264;3.20582;5.61317
12.633;11.567;8.27544;14.4923;-3.66849;7.29539;5.4389;15.2491;3.05991;5.39265
12.667;11.6;8.21849;14.4486;-3.7058;7.28323;5.42605;15.2775;2.95051;5.15166
12.7;11.633;8.14653;14.4501;-3.74779;7.27246;5.44975;15.3214;2.88799;4.8837
12.733;11.667;8.06573;14.5031;-3.79258;7.25746;5.50016;15.3504;2.864;4.6064
12.767;11.7;8.00308;14.6073;-3.83643;7.24308;5.54925;15.3356;2.872;4.34486
12.8;11.733;7.96887;14.7512;-3.87909;7.22558;5.55883;15.3145;2.91646;4.08808
12.833;11.767;7.97515;14.9084;-3.92288;7.20824;5.53997;15.3251;2.98636;3.84198
12.867;11.8;8.03806;15.0708;-3.96322;7.18988;5.54536;15.3683;3.06779;3.57822
12.9;11.833;8.12996;15.1887;-4.00607;7.16392;5.59113;15.3994;3.17095;3.34783
12.933;11.867;8.24383;15.2776;-4.0499;7.14547;5.64031;15.3954;3.27868;3.11729
12.967;11.9;8.37588;15.3181;-4.09256;7.12621;5.66099;15.3643;3.40202;2.90081
13.0;11.933;8.50201;15.3032;-4.14098;7.10322;5.64268;15.3504;3.53089;2.68523
13.033;11.967;8.60833;15.2488;-4.18802;7.07981;5.62818;15.3794;3.65951;2.47653
13.067;12.0;8.68188;15.1633;-4.2288;7.05905;5.65532;15.4178;3.79555;2.26744
13.1;12.033;8.72456;15.0564;-4.27029;7.04105;5.71115;15.4325;3.93716;2.05524
13.133;12.067;8.72073;14.9524;-4.31385;7.02791;5.74051;15.4132;4.08525;1.84745
13.167;12.1;8.66998;14.8757;-4.36749;7.01571;5.7256;15.4016;4.23212;1.64005
13.2;12.133;8.58702;14.8277;-4.41133;6.99287;5.70763;15.4276;4.38318;1.42429
13.233;12.167;8.49708;14.8338;-4.45649;6.97259;5.72397;15.4696;4.53466;1.21803
13.267;12.2;8.41033;14.8918;-4.49265;6.95446;5.77441;15.4994;4.69451;1.00169
13.3;12.233;8.34014;14.9955;-4.53968;6.93665;5.81748;15.4814;4.85018;0.786097
13.333;12.267;8.29852;15.1466;-4.58372;6.91688;5.81936;15.4619;5.01093;0.578987
13.367;12.3;8.31226;15.2944;-4.62443;6.89125;5.80322;15.4632;5.17314;0.355341
13.4;12.333;8.3776;15.4307;-4.661;6.86274;5.80234;15.4983;5.33492;0.130566
13.433;12.367;8.48081;15.5274;-4.70198;6.84103;5.83702;15.5312;5.49867;-0.0873149
13.467;12.4;8.60095;15.5894;-4.74663;6.82213;5.88346;15.5353;5.66002;-0.307239
13.5;12.433;8.72596;15.6031;-4.79336;6.79862;5.90326;15.5173;5.82246;-0.522741
13.533;12.467;8.84975;15.5596;-4.8336;6.77363;5.88747;15.51;5.99314;-0.733462
13.567;12.5;8.94726;15.4694;-4.88369;6.75056;5.87832;15.5286;6.17042;-0.945247
13.6;12.533;9.01737;15.3589;-4.92631;6.72292;5.90323;15.5664;6.34299;-1.1621
13.633;12.567;9.03676;15.2301;-4.97048;6.69776;5.95551;15.5697;6.51565;-1.3747
13.667;12.6;9.01771;15.1051;-5.00973;6.67411;5.99257;15.5329;6.69486;-1.58063
13.7;12.633;8.95316;15.0203;-5.05594;6.65249;5.98384;15.511;6.86379;-1.77225
13.733;12.667;8.86143;14.9833;-5.09903;6.6312;5.95671;15.5381;7.0494;-1.94383
13.767;12.7;8.7605;14.9958;-5.141;6.60987;5.96514;15.5911;7.24373;-2.10357
13.8;12.733;8.66412;15.0696;-5.1874;6.59331;6.00295;15.6167;7.43982;-2.25043
13.833;12.767;8.59392;15.1756;-5.23136;6.57028;6.04304;15.5954;7.63089;-2.38728
13.867;12.8;8.56705;15.31;-5.27301;6.54607;6.04434;15.5565;7.84623;-2.50689
13.9;12.833;8.59457;15.4474;-5.31357;6.51961;6.02195;15.5574;8.05277;-2.59958
13.933;12.867;8.65399;15.5812;-5.35875;6.50126;6.0076;15.5909;8.26237;-2.64955
13.967;12.9;8.75305;15.6775;-5.40692;6.47991;6.03512;15.6277;8.47735;-2.65947
14.0;12.933;8.86945;15.7304;-5.45239;6.46103;6.07481;15.623;8.67739;-2.62795
14.033;12.967;8.99249;15.7299;-5.49163;6.43721;6.09716;15.5955;8.87248;-2.54787
14.067;13.0;9.10554;15.6837;-5.53629;6.41163;6.08131;15.5835;9.03306;-2.43317
14.1;13.033;9.19422;15.5888;-5.57953;6.39543;6.06106;15.6106;9.14831;-2.28571
14.133;13.067;9.24139;15.4719;-5.62137;6.36687;6.07386;15.6485;9.19699;-2.11462
14.167;13.1;9.2437;15.3443;-5.66372;6.33815;6.11487;15.6645;9.16953;-1.94294
14.2;13.133;9.20262;15.2307;-5.70329;6.31004;6.14331;15.6476;9.06986;-1.80479
14.233;13.167;9.12722;15.1549;-5.74177;6.28735;6.14056;15.6266;8.92641;-1.7079
14.267;13.2;9.02711;15.1281;-5.78081;6.25826;6.11483;15.6387;8.73001;-1.69848
14.3;13.233;8.91671;15.1465;-5.81779;6.23466;6.11332;15.6735;8.54166;-1.76417
14.333;13.267;8.82732;15.22;-5.85454;6.20736;6.15125;15.6947;8.36146;-1.90727
14.367;13.3;8.75402;15.3291;-5.89256;6.17639;6.1865;15.68;8.21825;-2.11585
14.4;13.333;8.72339;15.4672;-5.93192;6.14766;6.19275;15.6505;8.13197;-2.35619
14.433;13.367;8.74498;15.6152;-5.96901;6.12253;6.16731;15.6561;8.10872;-2.61538
14.467;13.4;8.80772;15.7439;-6.00546;6.09607;6.14734;15.6891;8.14294;-2.88043
14.5;13.433;8.90655;15.8297;-6.04267;6.06021;6.17129;15.7262;8.22702;-3.14167
14.533;13.467;9.01556;15.8671;-6.07824;6.02528;6.21082;15.7287;8.36104;-3.37321
14.567;13.5;9.13684;15.8538;-6.10332;5.98629;6.23752;15.7014;8.53706;-3.57806
14.6;13.533;9.23982;15.7821;-6.13533;5.94714;6.21544;15.6805;8.73885;-3.74179
14.633;13.567;9.31858;15.6777;-6.16717;5.90838;6.19345;15.6998;8.96734;-3.85048
14.667;13.6;9.35633;15.5545;-6.19589;5.86932;6.2059;15.7428;9.20167;-3.89549
14.7;13.633;9.35986;15.4239;-6.22095;5.83061;6.25463;15.7618;9.44311;-3.87692
14.733;13.667;9.31368;15.2984;-6.24896;5.78848;6.28696;15.7381;9.65497;-3.80286
14.767;13.7;9.24202;15.202;-6.27889;5.74689;6.28301;15.7135;9.82565;-3.6768
14.8;13.733;9.14236;15.1551;-6.30807;5.70583;6.25637;15.7195;9.92501;-3.50726
14.833;13.767;9.0395;15.1605;-6.33274;5.66605;6.25501;15.7621;9.96261;-3.30552
14.867;13.8;8.93584;15.2242;-6.36015;5.62517;6.28162;15.792;9.91353;-3.11213
14.9;13.833;8.8598;15.3202;-6.38676;5.58491;6.31984;15.7766;9.79673;-2.94197
14.933;13.867;8.82299;15.456;-6.41208;5.54278;6.32702;15.747;9.62797;-2.83208
14.967;13.9;8.83444;15.5945;-6.43667;5.50266;6.30616;15.7403;9.42153;-2.80378
15.0;13.933;8.88545;15.7116;-6.45443;5.45511;6.28588;15.762;9.20015;-2.85977
15.033;13.967;8.97708;15.806;-6.47784;5.41212;6.30482;15.795;8.99147;-2.98128
15.067;14.0;9.09052;15.8558;-6.49305;5.3699;6.34655;15.7987;8.8328;-3.16022
15.1;14.033;9.20023;15.8456;-6.50755;5.32215;6.3646;15.7687;8.72252;-3.3814
15.133;14.067;9.30925;15.7843;-6.52192;5.27749;6.34394;15.7435;8.68659;-3.62542
15.167;14.1;9.38724;15.6898;-6.53113;5.22457;6.31774;15.7568;8.72259;-3.87157
15.2;14.133;9.43248;15.5607;-6.53958;5.1764;6.32444;15.7919;8.81707;-4.10509
15.233;14.167;9.43819;15.4277;-6.54908;5.12687;6.36237;15.8102;8.96415;-4.30339
15.267;14.2;9.40224;15.3074;-6.5606;5.07235;6.39181;15.7888;9.15131;-4.46397
15.3;14.233;9.31981;15.2125;-6.56866;5.02583;6.37297;15.7663;9.36995;-4.55689
15.333;14.267;9.22139;15.1607;-6.57469;4.97757;6.34383;15.7803;9.59571;-4.58343
15.367;14.3;9.10958;15.1548;-6.57858;4.9194;6.33305;15.8113;9.81706;-4.54744
15.4;14.333;9.00434;15.1995;-6.58252;4.86583;6.35455;15.8329;10.021;-4.43703
15.433;14.367;8.92066;15.2884;-6.58347;4.80939;6.39165;15.8218;10.1644;-4.27645
15.467;14.4;8.87798;15.4155;-6.58066;4.75344;6.39209;15.788;10.2503;-4.07998
15.5;14.433;8.87865;15.5496;-6.57609;4.6986;6.36281;15.7768;10.2595;-3.87917
15.533;14.467;8.92158;15.6689;-6.57339;4.64871;6.3336;15.8013;10.1915;-3.69171
15.567;14.5;9.00253;15.7565;-6.57309;4.6008;6.34397;15.8324;10.0508;-3.54023
15.6;14.533;9.11073;15.8021;-6.57091;4.54204;6.38116;15.8279;9.85818;-3.45407
15.633;14.567;9.22309;15.7877;-6.56366;4.49098;6.39567;15.7947;9.64233;-3.44856
15.667;14.6;9.32517;15.7354;-6.55885;4.43844;6.37476;15.7743;9.44001;-3.52083
15.7;14.633;9.3976;15.6347;-6.54993;4.38311;6.35275;15.7904;9.26847;-3.66771
15.733;14.667;9.43741;15.5099;-6.5406;4.33143;6.3617;15.8197;9.15871;-3.86606
15.767;14.7;9.42703;15.3831;-6.52674;4.2763;6.39978;15.8298;9.10774;-4.09677
15.8;14.733;9.38291;15.265;-6.51107;4.22298;6.42951;15.8079;9.12017;-4.33561
15.833;14.767;9.30156;15.184;-6.49723;4.1714;6.41989;15.7843;9.19755;-4.56064
15.867;14.8;9.20413;15.1487;-6.48384;4.12684;6.39153;15.7937;9.33498;-4.74709
15.9;14.833;9.09831;15.1537;-6.46644;4.0759;6.38894;15.8261;9.51701;-4.88445
15.933;14.867;9.00214;15.2002;-6.44262;4.02245;6.41673;15.8429;9.73239;-4.95628
15.967;14.9;8.93097;15.2998;-6.42198;3.97198;6.44641;15.8287;9.96026;-4.95294
16.0;14.933;8.89753;15.4301;-6.39914;3.92427;6.44142;15.7972;10.1694;-4.88552
16.033;14.967;8.91123;15.5683;-6.37254;3.87855;6.41172;15.7931;10.3425;-4.75278
16.067;15.0;8.9719;15.6866;-6.35385;3.82933;6.39561;15.8193;10.4583;-4.57127
16.1;15.033;9.06948;15.7676;-6.32698;3.78127;6.41075;15.8471;10.4891;-4.36255
16.133;15.067;9.17855;15.7982;-6.30667;3.73366;6.44293;15.8409;10.4366;-4.1615
16.167;15.1;9.29382;15.7789;-6.28003;3.6922;6.45396;15.8129;10.3144;-3.99162
16.2;15.133;9.3934;15.7096;-6.24992;3.64875;6.43616;15.7948;10.1341;-3.87937
16.233;15.167;9.46297;15.6015;-6.2192;3.61094;6.41089;15.8136;9.92899;-3.84227
16.267;15.2;9.4973;15.4817;-6.18924;3.57351;6.41775;15.8547;9.71099;-3.88096
16.3;15.233;9.48462;15.3597;-6.15968;3.53308;6.4522;15.8624;9.51189;-3.99659
16.333;15.267;9.43314;15.245;-6.1304;3.49392;6.47692;15.8382;9.36114;-4.16843
16.367;15.3;9.34713;15.1666;-6.09109;3.45119;6.4594;15.8081;9.27574;-4.38479
16.4;15.333;9.24895;15.1373;-6.05224;3.41222;6.43404;15.8126;9.26442;-4.61795
16.433;15.367;9.14691;15.1547;-6.01238;3.37706;6.4309;15.84;9.32182;-4.83505
16.467;15.4;9.06035;15.2238;-5.97602;3.34566;6.45929;15.8638;9.44363;-5.02459
16.5;15.433;8.99442;15.3338;-5.93937;3.31812;6.48764;15.8494;9.61936;-5.15823
16.533;15.467;8.97644;15.4641;-5.90446;3.29223;6.48297;15.8269;9.82357;-5.22644
16.567;15.5;9.0016;15.597;-5.86865;3.27093;6.45226;15.8248;10.0346;-5.21789
16.6;15.533;9.07294;15.6999;-5.83671;3.24754;6.43503;15.8519;10.2378;-5.13897
16.633;15.567;9.16941;15.7669;-5.80615;3.23458;6.44384;15.8831;10.3961;-4.99031
16.667;15.6;9.27871;15.7887;-5.77009;3.21968;6.48029;15.8902;10.4841;-4.7973
16.7;15.633;9.38524;15.7559;-5.73765;3.20475;6.48997;15.8592;10.5001;-4.59157
16.733;15.667;9.4819;15.6771;-5.70306;3.1978;6.47659;15.8421;10.4408;-4.3921
16.767;15.7;9.54216;15.5628;-5.66784;3.1916;6.44714;15.8539;10.3015;-4.23068
16.8;15.733;9.56233;15.4311;-5.64176;3.1857;6.45296;15.8832;10.1142;-4.14541
16.833;15.767;9.53604;15.307;-5.61373;3.18609;6.48249;15.8968;9.89606;-4.12933
16.867;15.8;9.47821;15.1971;-5.58667;3.18606;6.51325;15.8636;9.68451;-4.18744
16.9;15.833;9.38464;15.1235;-5.56923;3.19073;6.50401;15.8236;9.49324;-4.32249
16.933;15.867;9.27066;15.1059;-5.55229;3.19744;6.47388;15.8226;9.36015;-4.51107
16.967;15.9;9.15972;15.1322;-5.536;3.20738;6.46074;15.8491;9.2819;-4.73145
17.0;15.933;9.0621;15.2156;-5.52856;3.22769;6.48783;15.8787;9.28142;-4.9577
17.033;15.967;8.99707;15.3379;-5.52272;3.24255;6.52851;15.8671;9.35615;-5.17432
17.067;16.0;8.9812;15.4744;-5.5199;3.25944;6.53916;15.8334;9.49017;-5.34905
17.1;16.033;9.0087;15.6059;-5.52043;3.27306;6.51182;15.8235;9.67968;-5.46429
17.133;16.067;9.08492;15.707;-5.52818;3.28552;6.48731;15.8488;9.89275;-5.50041
17.167;16.1;9.18685;15.7623;-5.54131;3.29925;6.50506;15.8771;10.1111;-5.4686
17.2;16.133;9.30704;15.7701;-5.55489;3.3069;6.54052;15.8748;10.2906;-5.3646
17.233;16.167;9.42505;15.7243;-5.574;3.3129;6.55104;15.838;10.4263;-5.19891
17.267;16.2;9.515;15.6378;-5.5981;3.32079;6.52716;15.815;10.4951;-4.99167
17.3;16.233;9.57502;15.5199;-5.62554;3.33017;6.49674;15.8298;10.4836;-4.78078
17.333;16.267;9.59951;15.3923;-5.65088;3.33443;6.50034;15.8596;10.3875;-4.59107
17.367;16.3;9.5679;15.2701;-5.67914;3.33947;6.53535;15.8687;10.2198;-4.44334
17.4;16.333;9.50509;15.1666;-5.70608;3.3441;6.56156;15.8459;10.0206;-4.36483
17.433;16.367;9.42059;15.1099;-5.73546;3.34435;6.55725;15.8107;9.80388;-4.36918
17.467;16.4;9.30312;15.0912;-5.77272;3.34423;6.51824;15.8085;9.59016;-4.4587
17.5;16.433;9.19455;15.1319;-5.80499;3.33869;6.50816;15.8367;9.42288;-4.61353
17.533;16.467;9.10524;15.2149;-5.83734;3.33669;6.53326;15.866;9.31124;-4.81615
17.567;16.5;9.05072;15.3379;-5.86517;3.32792;6.5702;15.8534;9.26608;-5.03937
17.6;16.533;9.04716;15.465;-5.90131;3.31802;6.57123;15.8226;9.29588;-5.26709
17.633;16.567;9.09402;15.5893;-5.93505;3.30296;6.54582;15.8145;9.4031;-5.46889
17.667;16.6;9.18034;15.6806;-5.96959;3.28959;6.52382;15.8392;9.56417;-5.6203
17.7;16.633;9.29638;15.7253;-6.00805;3.27651;6.53817;15.8687;9.77085;-5.7034
17.733;16.667;9.41633;15.7135;-6.0468;3.26596;6.57256;15.8666;9.98361;-5.7006
17.767;16.7;9.52759;15.6497;-6.08574;3.25199;6.58663;15.8327;10.1801;-5.61137
17.8;16.733;9.61894;15.5522;-6.11914;3.23627;6.57022;15.8156;10.3274;-5.46293
17.833;16.767;9.66903;15.419;-6.15701;3.22141;6.54538;15.8248;10.4122;-5.26851
17.867;16.8;9.67664;15.2803;-6.19394;3.20417;6.54795;15.8571;10.4136;-5.05808
17.9;16.833;9.63948;15.1617;-6.23199;3.19163;6.58031;15.8725;10.3336;-4.85576
17.933;16.867;9.5599;15.0696;-6.26966;3.18053;6.60251;15.851;10.1827;-4.69424
17.967;16.9;9.46339;15.0232;-6.30792;3.16357;6.59265;15.8261;9.98329;-4.61405
18.0;16.933;9.35622;15.0276;-6.34448;3.14836;6.56341;15.8222;9.76442;-4.60999
18.033;16.967;9.25313;15.0785;-6.38208;3.12707;6.56016;15.8516;9.5557;-4.67911
18.067;17.0;9.17778;15.1814;-6.41775;3.10891;6.58148;15.8734;9.38246;-4.82437
18.1;17.033;9.14271;15.3155;-6.45458;3.09098;6.60939;15.8555;9.26341;-5.01514
18.133;17.067;9.15449;15.4503;-6.49209;3.07207;6.60318;15.8276;9.21245;-5.2326
18.167;17.1;9.21691;15.5686;-6.5272;3.05005;6.57062;15.8132;9.23953;-5.45187
18.2;17.133;9.31331;15.6521;-6.55717;3.0308;6.55251;15.833;9.34638;-5.64781
18.233;17.167;9.432;15.6839;-6.59014;3.00854;6.56482;15.8549;9.50654;-5.78982
18.267;17.2;9.54633;15.6697;-6.62351;2.98952;6.59515;15.8541;9.70699;-5.85827
18.3;17.233;9.6478;15.5931;-6.65832;2.97083;6.6054;15.8315;9.91689;-5.84373
18.333;17.267;9.71529;15.4927;-6.69747;2.94962;6.58066;15.8129;10.1068;-5.74779
18.367;17.3;9.74731;15.3699;-6.72839;2.92956;6.55279;15.8348;10.2492;-5.59601
18.4;17.333;9.73106;15.2442;-6.76354;2.91277;6.55758;15.8668;10.3248;-5.40177
18.433;17.367;9.67948;15.1316;-6.79509;2.88587;6.5941;15.875;10.3224;-5.18896
18.467;17.4;9.59396;15.0581;-6.82403;2.8578;6.6168;15.842;10.2393;-4.99726
18.5;17.433;9.47828;15.0377;-6.86001;2.836;6.59916;15.8205;10.0835;-4.84871
18.533;17.467;9.36061;15.069;-6.89662;2.81437;6.56471;15.8294;9.89142;-4.75742
18.567;17.5;9.26335;15.1547;-6.92908;2.78886;6.55882;15.8683;9.67446;-4.75245
18.6;17.533;9.20566;15.271;-6.95581;2.75749;6.59765;15.8844;9.46415;-4.83519
18.633;17.567;9.18945;15.4027;-6.98822;2.72295;6.62216;15.8581;9.30072;-4.98209
18.667;17.6;9.23191;15.5264;-7.0167;2.6985;6.62169;15.8302;9.1892;-5.16959
18.7;17.633;9.32379;15.6286;-7.05222;2.66829;6.59403;15.8303;9.14257;-5.38964
18.733;17.667;9.43126;15.6791;-7.08608;2.64718;6.57622;15.8583;9.16748;-5.60421
18.767;17.7;9.54843;15.6783;-7.12552;2.61868;6.5914;15.8883;9.26669;-5.79329
18.8;17.733;9.65672;15.6256;-7.16439;2.59053;6.62417;15.8828;9.42539;-5.93555
18.833;17.767;9.74691;15.5346;-7.1984;2.56561;6.63126;15.8571;9.62534;-6.00348
18.867;17.8;9.79334;15.4068;-7.23069;2.53801;6.61076;15.8363;9.83772;-5.99457
18.9;17.833;9.79603;15.2783;-7.26627;2.50639;6.5865;15.8555;10.0306;-5.90827
18.933;17.867;9.7597;15.1617;-7.29596;2.47809;6.59228;15.8913;10.1781;-5.7563
18.967;17.9;9.6831;15.071;-7.32605;2.45065;6.62775;15.902;10.2592;-5.55951
19.0;17.933;9.57765;15.0244;-7.35618;2.41941;6.64378;15.8699;10.2557;-5.3561
19.033;17.967;9.47082;15.0349;-7.38994;2.38817;6.63227;15.849;10.1738;-5.16141
19.067;18.0;9.37099;15.0985;-7.41968;2.35814;6.59613;15.854;10.0194;-5.01195
19.1;18.033;9.29931;15.2021;-7.45181;2.32281;6.5837;15.886;9.81719;-4.93788
19.133;18.067;9.26961;15.3302;-7.48258;2.28634;6.60377;15.8982;9.59881;-4.94349
19.167;18.1;9.28956;15.4627;-7.50796;2.26028;6.63141;15.887;9.38808;-5.01101
19.2;18.133;9.35256;15.5803;-7.53477;2.23193;6.62733;15.8566;9.21719;-5.1543
19.233;18.167;9.4492;15.6574;-7.56546;2.20063;6.59765;15.8426;9.10496;-5.33846
19.267;18.2;9.55406;15.6823;-7.59342;2.17164;6.57659;15.8637;9.06029;-5.55556
19.3;18.233;9.66583;15.6546;-7.62178;2.13744;6.59058;15.8896;9.09067;-5.76435
19.333;18.267;9.75065;15.585;-7.64821;2.10681;6.6173;15.8867;9.19478;-5.95436
19.367;18.3;9.80873;15.4753;-7.67644;2.07359;6.6268;15.8504;9.35987;-6.09045
19.4;18.333;9.82757;15.3523;-7.70076;2.03889;6.61102;15.8305;9.56411;-6.15161
19.433;18.367;9.79892;15.2241;-7.72592;2.00113;6.58494;15.836;9.78189;-6.13745
19.467;18.4;9.72896;15.1198;-7.7529;1.96628;6.57891;15.8639;9.97108;-6.04442
19.5;18.433;9.63626;15.055;-7.77817;1.93224;6.60885;15.8797;10.1148;-5.89449
19.533;18.467;9.52414;15.0388;-7.80479;1.89852;6.63283;15.8573;10.1924;-5.69743
19.567;18.5;9.41653;15.0779;-7.82803;1.8634;6.62597;15.8283;10.1898;-5.48516
19.6;18.533;9.33823;15.1608;-7.84937;1.82966;6.60154;15.8253;10.114;-5.28428
19.633;18.567;9.29612;15.2798;-7.87712;1.79405;6.58844;15.8529;9.97543;-5.12774
19.667;18.6;9.2983;15.4082;-7.90423;1.76186;6.60082;15.8771;9.78568;-5.03906
19.7;18.633;9.35037;15.5165;-7.92884;1.71747;6.63375;15.8676;9.57402;-5.02875
19.733;18.667;9.44579;15.5928;-7.95123;1.67955;6.63814;15.8334;9.37333;-5.10439
19.767;18.7;9.56028;15.6226;-7.97741;1.63805;6.61374;15.8167;9.20668;-5.24205
19.8;18.733;9.68117;15.603;-8.00434;1.60414;6.58891;15.8345;9.09477;-5.43524
19.833;18.767;9.77914;15.5278;-8.02774;1.56788;6.59478;15.8718;9.0504;-5.64795
19.867;18.8;9.84638;15.4208;-8.05639;1.53057;6.62491;15.8776;9.08725;-5.86333
19.9;18.833;9.87225;15.2915;-8.08163;1.48926;6.63968;15.8477;9.18484;-6.04577
19.933;18.867;9.85364;15.1743;-8.10524;1.45528;6.61786;15.8258;9.35011;-6.17815
19.967;18.9;9.79379;15.0754;-8.13141;1.42107;6.5882;15.8355;9.55495;-6.23758
20.0;18.933;9.69394;15.0109;-8.15704;1.38287;6.57416;15.8667;9.77012;-6.224
20.033;18.967;9.586;15.0003;-8.17733;1.34558;6.59912;15.8816;9.95478;-6.12713
20.067;19.0;9.47566;15.0438;-8.20353;1.30984;6.61551;15.8684;10.0911;-5.97092
20.1;19.033;9.38004;15.1424;-8.22562;1.27336;6.60729;15.84;10.1602;-5.77791
20.133;19.067;9.329;15.2644;-8.25055;1.23185;6.57473;15.8323;10.1453;-5.56585
20.167;19.1;9.33076;15.3952;-8.26892;1.1901;6.55197;15.8559;10.0581;-5.37555
20.2;19.133;9.3856;15.5132;-8.28427;1.1457;6.56266;15.8869;9.89952;-5.24014
20.233;19.167;9.4759;15.5976;-8.30445;1.09876;6.59398;15.8845;9.70688;-5.1729
20.267;19.2;9.5913;15.6292;-8.32567;1.05397;6.6031;15.8509;9.4964;-5.18751
20.3;19.233;9.70617;15.6079;-8.34605;1.00984;6.57499;15.8262;9.29409;-5.27407
20.333;19.267;9.80926;15.5361;-8.36135;0.96997;6.54715;15.8384;9.14151;-5.42747
20.367;19.3;9.87974;15.4367;-8.38382;0.930223;6.54568;15.8707;9.04734;-5.62107
20.4;19.333;9.90993;15.3102;-8.4006;0.891963;6.57154;15.8907;9.03139;-5.83049
20.433;19.367;9.8945;15.1832;-8.41974;0.848933;6.59772;15.8646;9.09242;-6.03439
20.467;19.4;9.84085;15.0764;-8.44244;0.807401;6.58677;15.8313;9.22527;-6.20551
20.5;19.433;9.74877;14.9992;-8.46169;0.767225;6.55188;15.822;9.40482;-6.31704
20.533;19.467;9.63841;14.9725;-8.48583;0.725348;6.52896;15.8501;9.61273;-6.34288
20.567;19.5;9.53859;15.0006;-8.50891;0.687634;6.55023;15.8756;9.81376;-6.2908
20.6;19.533;9.44549;15.081;-8.5285;0.649344;6.58139;15.869;9.97117;-6.16153
20.633;19.567;9.39158;15.1963;-8.54848;0.612499;6.5876;15.8399;10.0744;-5.98869
20.667;19.6;9.38669;15.3192;-8.56941;0.572639;6.55656;15.8175;10.1047;-5.78739
20.7;19.633;9.43554;15.4419;-8.58652;0.530291;6.53675;15.8342;10.0509;-5.57982
20.733;19.667;9.52472;15.5336;-8.60692;0.492971;6.54076;15.8569;9.92361;-5.40926
20.767;19.7;9.63895;15.5744;-8.62788;0.452115;6.57377;15.8674;9.74932;-5.30651
20.8;19.733;9.75434;15.5632;-8.64999;0.412337;6.59468;15.8341;9.54093;-5.26183
20.833;19.767;9.85685;15.4996;-8.66951;0.370221;6.5744;15.8032;9.33045;-5.30783
20.867;19.8;9.93633;15.3985;-8.68691;0.330039;6.54403;15.8056;9.14823;-5.41533
20.9;19.833;9.97136;15.2799;-8.70747;0.287984;6.53241;15.8343;9.02151;-5.58656
20.933;19.867;9.96365;15.1605;-8.71921;0.248382;6.5528;15.865;8.96905;-5.78593
20.967;19.9;9.92008;15.0555;-8.73695;0.206777;6.5918;15.8503;8.99222;-5.99289
21.0;19.933;9.8313;14.9764;-8.75165;0.165271;6.59354;15.8109;9.09156;-6.17093
21.033;19.967;9.72055;14.9548;-8.76724;0.12002;6.56022;15.7968;9.25473;-6.29538
21.067;20.0;9.61823;14.9824;-8.78398;0.0735368;6.5362;15.8215;9.45556;-6.35344
21.1;20.033;9.52542;15.0512;-8.79873;0.0218226;6.54704;15.8424;9.66113;-6.32955
21.133;20.067;9.46932;15.1607;-8.81085;-0.0246383;6.58322;15.8376;9.84356;-6.21871
21.167;20.1;9.4571;15.2951;-8.82554;-0.0707437;6.59668;15.8098;9.97223;-6.06455
21.2;20.133;9.49277;15.4131;-8.84038;-0.118345;6.57554;15.7802;10.0379;-5.87713
21.233;20.167;9.57377;15.505;-8.85312;-0.162676;6.54147;15.7887;10.0136;-5.66805
21.267;20.2;9.67914;15.5489;-8.86906;-0.207389;6.53693;15.8232;9.92434;-5.47843
21.3;20.233;9.79278;15.5343;-8.88779;-0.248596;6.55881;15.8396;9.76248;-5.33945
21.333;20.267;9.88963;15.4782;-8.90505;-0.289618;6.58106;15.8196;9.56502;-5.27348
21.367;20.3;9.963;15.3826;-8.91851;-0.334354;6.57064;15.795;9.35539;-5.28269
21.4;20.333;9.99419;15.2628;-8.93196;-0.376688;6.5429;15.7975;9.16137;-5.36833
21.433;20.367;9.98712;15.1334;-8.94338;-0.426905;6.53346;15.8195;9.01446;-5.52535
21.467;20.4;9.93415;15.0241;-8.9544;-0.469817;6.55215;15.8438;8.93368;-5.72048
21.5;20.433;9.84508;14.9526;-8.97127;-0.514061;6.58761;15.8399;8.91167;-5.93041
21.533;20.467;9.73299;14.9251;-8.9797;-0.556309;6.59631;15.81;8.97479;-6.13573
21.567;20.5;9.62729;14.9514;-9.00109;-0.605364;6.57103;15.7924;9.09909;-6.30749
21.6;20.533;9.53954;15.0302;-9.0092;-0.654541;6.54999;15.8101;9.27316;-6.4231
21.633;20.567;9.49623;15.1442;-9.02503;-0.701588;6.5571;15.8397;9.47888;-6.45795
21.667;20.6;9.49008;15.2703;-9.0393;-0.747625;6.58132;15.8495;9.68563;-6.42402
21.7;20.633;9.52456;15.3638;-9.05481;-0.789916;6.5868;15.8102;9.86131;-6.31162
21.733;20.667;9.60853;15.4236;-9.06663;-0.828706;6.56427;15.7746;9.98951;-6.15398
21.767;20.7;9.70681;15.4328;-9.08853;-0.858942;6.5272;15.7728;10.0443;-5.95997
21.8;20.733;9.80465;15.3957;-9.10724;-0.884927;6.51367;15.7915;10.0155;-5.75055
21.833;20.767;9.8792;15.3018;-9.12829;-0.911673;6.52124;15.7909;9.92322;-5.55689
21.867;20.8;9.91601;15.1785;-9.14363;-0.930715;6.53118;15.7591;9.7636;-5.40783
21.9;20.833;9.90977;15.0395;-9.16595;-0.950969;6.51696;15.7091;9.56834;-5.32744
21.933;20.867;9.85272;14.9115;-9.18629;-0.971864;6.4696;15.6808;9.35337;-5.31276
21.967;20.9;9.74863;14.8033;-9.20678;-0.992058;6.44065;15.6845;9.13953;-5.36753
22.0;20.933;9.62713;14.7359;-9.22408;-1.01341;6.43955;15.6927;8.95954;-5.50013
22.033;20.967;9.49117;14.7173;-9.24438;-1.03694;6.45221;15.672;8.83118;-5.67471
22.067;21.0;9.35994;14.7447;-9.25582;-1.06366;6.44612;15.6304;8.76862;-5.87951
22.1;21.033;9.26038;14.8157;-9.26555;-1.08905;6.41488;15.6037;8.78699;-6.09752
22.133;21.067;9.202;14.9046;-9.27608;-1.11889;6.38014;15.6035;8.87661;-6.29014
22.167;21.1;9.1824;15.0092;-9.28509;-1.14952;6.37609;15.6156;9.03445;-6.43898
22.2;21.133;9.21466;15.1079;-9.28812;-1.17591;6.3865;15.6096;9.22742;-6.51694
22.233;21.167;9.27975;15.1756;-9.28709;-1.20826;6.38748;15.5706;9.44178;-6.52548
22.267;21.2;9.3725;15.2033;-9.28583;-1.24032;6.35432;15.5328;9.6472;-6.46277
22.3;21.233;9.46532;15.179;-9.28064;-1.26916;6.30938;15.5191;9.82104;-6.32018
22.333;21.267;9.55414;15.104;-9.27543;-1.29652;6.29814;15.531;9.94003;-6.1345
22.367;21.3;9.60182;14.9927;-9.26792;-1.32441;6.30304;15.5296;9.98509;-5.91902
22.4;21.333;9.60403;14.8604;-9.25793;-1.35169;6.30317;15.4985;9.95798;-5.69199
22.433;21.367;9.55693;14.7355;-9.24316;-1.37653;6.27945;15.4527;9.85844;-5.48624
22.467;21.4;9.46774;14.6243;-9.23279;-1.40199;6.23691;15.4378;9.69879;-5.32689
22.5;21.433;9.35139;14.5485;-9.20902;-1.42753;6.21936;15.44;9.49549;-5.22564
22.533;21.467;9.22376;14.5188;-9.18421;-1.44832;6.23201;15.4421;9.27291;-5.19489
22.567;21.5;9.09423;14.5388;-9.15757;-1.46851;6.25018;15.4205;9.05679;-5.23872
22.6;21.533;8.9866;14.6089;-9.13129;-1.48745;6.23983;15.3752;8.86118;-5.34678
22.633;21.567;8.90993;14.698;-9.10749;-1.50384;6.20372;15.3445;8.71615;-5.50986
22.667;21.6;8.88709;14.8112;-9.07823;-1.51507;6.17128;15.3494;8.63233;-5.71382
22.7;21.633;8.90663;14.9231;-9.05343;-1.52211;6.1694;15.3625;8.6224;-5.92299
22.733;21.667;8.97346;15.0124;-9.01977;-1.52656;6.19049;15.357;8.69251;-6.12391
22.767;21.7;9.07458;15.0565;-8.98807;-1.53209;6.19452;15.3141;8.82916;-6.28981
22.8;21.733;9.17571;15.0504;-8.95789;-1.5414;6.17055;15.2846;9.01483;-6.3981
22.833;21.767;9.26582;14.9961;-8.92663;-1.54023;6.13309;15.2821;9.22886;-6.43286
22.867;21.8;9.32229;14.9019;-8.89584;-1.53841;6.1215;15.2991;9.43724;-6.38981
22.9;21.833;9.34162;14.7764;-8.86121;-1.53987;6.13605;15.2979;9.62248;-6.27308
22.933;21.867;9.3213;14.6452;-8.82673;-1.53767;6.16294;15.2603;9.75717;-6.10383
22.967;21.9;9.24862;14.5275;-8.79059;-1.53456;6.1432;15.2136;9.82626;-5.90105
